-- phpMyAdmin SQL Dump
-- version 5.2.1
-- https://www.phpmyadmin.net/
--
-- Host: 127.0.0.1
-- Generation Time: Sep 10, 2024 at 11:41 AM
-- Server version: 10.4.28-MariaDB
-- PHP Version: 8.1.17

SET SQL_MODE = "NO_AUTO_VALUE_ON_ZERO";
START TRANSACTION;
SET time_zone = "+00:00";


/*!40101 SET @OLD_CHARACTER_SET_CLIENT=@@CHARACTER_SET_CLIENT */;
/*!40101 SET @OLD_CHARACTER_SET_RESULTS=@@CHARACTER_SET_RESULTS */;
/*!40101 SET @OLD_COLLATION_CONNECTION=@@COLLATION_CONNECTION */;
/*!40101 SET NAMES utf8mb4 */;

--
-- Database: `atu_frs`
--

-- --------------------------------------------------------

--
-- Table structure for table `all_payments_tbl`
--

CREATE TABLE `all_payments_tbl` (
  `ID` int(11) NOT NULL,
  `STUDENT` int(11) NOT NULL,
  `AMOUNT_PAID` int(11) NOT NULL,
  `EXPIRE_DATE` date NOT NULL,
  `ALERT` tinyint(1) NOT NULL,
  `SESSION` varchar(100) NOT NULL,
  `CLASS` int(11) NOT NULL,
  `TERM` int(11) NOT NULL,
  `CREATION_DATE` timestamp NOT NULL DEFAULT current_timestamp()
) ENGINE=InnoDB DEFAULT CHARSET=latin1 COLLATE=latin1_swedish_ci;

--
-- Dumping data for table `all_payments_tbl`
--

INSERT INTO `all_payments_tbl` (`ID`, `STUDENT`, `AMOUNT_PAID`, `EXPIRE_DATE`, `ALERT`, `SESSION`, `CLASS`, `TERM`, `CREATION_DATE`) VALUES
(1, 1, 1250, '2024-08-07', 0, '2023-2024', 1, 1, '2024-08-08 01:29:52'),
(3, 2, 1250, '2024-08-07', 0, '2023-2024', 2, 3, '2024-08-08 01:29:52');

-- --------------------------------------------------------

--
-- Table structure for table `ci_sessions`
--

CREATE TABLE `ci_sessions` (
  `id` varchar(128) NOT NULL,
  `ip_address` varchar(45) NOT NULL,
  `timestamp` int(10) UNSIGNED NOT NULL DEFAULT 0,
  `data` blob NOT NULL
) ENGINE=InnoDB DEFAULT CHARSET=latin1 COLLATE=latin1_swedish_ci;

--
-- Dumping data for table `ci_sessions`
--

INSERT INTO `ci_sessions` (`id`, `ip_address`, `timestamp`, `data`) VALUES
('ppljvc2nv9tav18k14n5g6dgc53jvl4l', '::1', 1664240186, 0x5f5f63695f6c6173745f726567656e65726174657c693a313636343234303138363b6c6f67696e5f69647c733a313a2233223b6c6f67696e5f656d61696c7c733a31353a2261646d696e40676d61696c2e636f6d223b6c6f67696e5f6e616d657c733a31333a2241646d696e6973747261746f72223b6c6f67696e5f707269767c733a353a2261646d696e223b6c6f67696e5f636865636b7c733a363a22676f40796573223b636f6d706c657465647c733a32393a22416374696f6e20436f6d706c65746564205375636365737366756c6c79223b5f5f63695f766172737c613a313a7b733a393a22636f6d706c65746564223b733a333a226f6c64223b7d),
('i3aqjfb38ih3cfo6ej3nvgpljnc9ad1v', '::1', 1664240655, 0x5f5f63695f6c6173745f726567656e65726174657c693a313636343234303635353b6c6f67696e5f69647c733a313a2233223b6c6f67696e5f656d61696c7c733a31353a2261646d696e40676d61696c2e636f6d223b6c6f67696e5f6e616d657c733a31333a2241646d696e6973747261746f72223b6c6f67696e5f707269767c733a353a2261646d696e223b6c6f67696e5f636865636b7c733a363a22676f40796573223b),
('ehh65uqmarncdct3jke9qanpa87gajp7', '::1', 1664241077, 0x5f5f63695f6c6173745f726567656e65726174657c693a313636343234313037373b6c6f67696e5f69647c733a313a2233223b6c6f67696e5f656d61696c7c733a31353a2261646d696e40676d61696c2e636f6d223b6c6f67696e5f6e616d657c733a31333a2241646d696e6973747261746f72223b6c6f67696e5f707269767c733a353a2261646d696e223b6c6f67696e5f636865636b7c733a363a22676f40796573223b),
('gvqkf2r9ggt8vknlgl4j6oc6laibrumg', '::1', 1664241393, 0x5f5f63695f6c6173745f726567656e65726174657c693a313636343234313339333b6c6f67696e5f69647c733a313a2233223b6c6f67696e5f656d61696c7c733a31353a2261646d696e40676d61696c2e636f6d223b6c6f67696e5f6e616d657c733a31333a2241646d696e6973747261746f72223b6c6f67696e5f707269767c733a353a2261646d696e223b6c6f67696e5f636865636b7c733a363a22676f40796573223b),
('11ift036lg5706g1vlio67deodi2dogu', '::1', 1664242081, 0x5f5f63695f6c6173745f726567656e65726174657c693a313636343234323038313b6c6f67696e5f69647c733a313a2233223b6c6f67696e5f656d61696c7c733a31353a2261646d696e40676d61696c2e636f6d223b6c6f67696e5f6e616d657c733a31333a2241646d696e6973747261746f72223b6c6f67696e5f707269767c733a353a2261646d696e223b6c6f67696e5f636865636b7c733a363a22676f40796573223b),
('8l1vlerpt9fkpe2k3n64n7s2ce627hs9', '::1', 1664242391, 0x5f5f63695f6c6173745f726567656e65726174657c693a313636343234323339313b6c6f67696e5f69647c733a313a2233223b6c6f67696e5f656d61696c7c733a31353a2261646d696e40676d61696c2e636f6d223b6c6f67696e5f6e616d657c733a31333a2241646d696e6973747261746f72223b6c6f67696e5f707269767c733a353a2261646d696e223b6c6f67696e5f636865636b7c733a363a22676f40796573223b636f6d706c657465647c733a32393a22416374696f6e20436f6d706c65746564205375636365737366756c6c79223b5f5f63695f766172737c613a313a7b733a393a22636f6d706c65746564223b733a333a226f6c64223b7d),
('rpipslvv3dmhkb23df2kj93ucg675uj6', '::1', 1664243006, 0x5f5f63695f6c6173745f726567656e65726174657c693a313636343234333030363b6c6f67696e5f69647c733a313a2233223b6c6f67696e5f656d61696c7c733a31343a2261646d696e406d61696c2e636f6d223b6c6f67696e5f6e616d657c733a31333a2241646d696e6973747261746f72223b6c6f67696e5f707269767c733a353a2261646d696e223b6c6f67696e5f636865636b7c733a363a22676f40796573223b),
('skpdmr4rbppm0gtl4bqio3dnj2ctcog0', '::1', 1664243354, 0x5f5f63695f6c6173745f726567656e65726174657c693a313636343234333335343b6c6f67696e5f69647c733a313a2233223b6c6f67696e5f656d61696c7c733a31343a2261646d696e406d61696c2e636f6d223b6c6f67696e5f6e616d657c733a31333a2241646d696e6973747261746f72223b6c6f67696e5f707269767c733a353a2261646d696e223b6c6f67696e5f636865636b7c733a363a22676f40796573223b),
('63mhdvbblqleqin4mc4pbt5utb4uusq9', '::1', 1664243655, 0x5f5f63695f6c6173745f726567656e65726174657c693a313636343234333635353b6c6f67696e5f69647c733a313a2233223b6c6f67696e5f656d61696c7c733a31343a2261646d696e406d61696c2e636f6d223b6c6f67696e5f6e616d657c733a31333a2241646d696e6973747261746f72223b6c6f67696e5f707269767c733a353a2261646d696e223b6c6f67696e5f636865636b7c733a363a22676f40796573223b),
('tebrat587oa7tq8k3m12820du7qdqf2j', '::1', 1664243990, 0x5f5f63695f6c6173745f726567656e65726174657c693a313636343234333939303b6c6f67696e5f69647c733a313a2233223b6c6f67696e5f656d61696c7c733a31343a2261646d696e406d61696c2e636f6d223b6c6f67696e5f6e616d657c733a31333a2241646d696e6973747261746f72223b6c6f67696e5f707269767c733a353a2261646d696e223b6c6f67696e5f636865636b7c733a363a22676f40796573223b),
('24eddi8qiocumbvo1j28mh96ql8rcv7k', '::1', 1664244448, 0x5f5f63695f6c6173745f726567656e65726174657c693a313636343234343434383b6c6f67696e5f69647c733a313a2231223b6c6f67696e5f656d61696c7c733a31333a226a646f65406d61696c2e636f6d223b6c6f67696e5f6e616d657c733a383a224a6f686e20446f65223b6c6f67696e5f70686f6e657c733a31313a223039313233343536373839223b6c6f67696e5f636865636b7c733a393a22676f40706172656e74223b),
('168ucu89egbvcdgepcbc8s8lbv9nqck7', '::1', 1664245067, 0x5f5f63695f6c6173745f726567656e65726174657c693a313636343234353036373b),
('nqle97bhbmieb7jt2141dih414tml0os', '::1', 1664245414, 0x5f5f63695f6c6173745f726567656e65726174657c693a313636343234353431343b6c6f67696e5f69647c733a313a2233223b6c6f67696e5f656d61696c7c733a31343a2261646d696e406d61696c2e636f6d223b6c6f67696e5f6e616d657c733a31333a2241646d696e6973747261746f72223b6c6f67696e5f707269767c733a353a2261646d696e223b6c6f67696e5f636865636b7c733a363a22676f40796573223b),
('g3tce5ujdq1g57nbmb9ais89k4jve8o7', '::1', 1664245526, 0x5f5f63695f6c6173745f726567656e65726174657c693a313636343234353437303b6c6f67696e5f69647c733a313a2231223b6c6f67696e5f656d61696c7c733a31333a226a646f65406d61696c2e636f6d223b6c6f67696e5f6e616d657c733a383a224a6f686e20446f65223b6c6f67696e5f70686f6e657c733a31313a223039313233343536373839223b6c6f67696e5f636865636b7c733a393a22676f40706172656e74223b),
('u9km87psps5f2tegtde61em86chs0jqn', '::1', 1725462277, 0x5f5f63695f6c6173745f726567656e65726174657c693a313732353436323237373b6c6f67696e5f69647c733a313a2233223b6c6f67696e5f656d61696c7c733a31343a2261646d696e406d61696c2e636f6d223b6c6f67696e5f6e616d657c733a31333a2241646d696e6973747261746f72223b6c6f67696e5f707269767c733a353a2261646d696e223b6c6f67696e5f636865636b7c733a363a22676f40796573223b656e726f6c6c5f69645f6475657c733a313a2232223b5f5f63695f766172737c613a323a7b733a31333a22656e726f6c6c5f69645f647565223b733a333a226e6577223b733a31313a226475655f7061796d656e74223b733a333a226e6577223b7d6475655f7061796d656e747c733a31313a225061796d656e7420447565223b),
('cds2vhce7nt40siqgc1ufoaueed0d5k5', '::1', 1725461667, 0x5f5f63695f6c6173745f726567656e65726174657c693a313732353436313636363b6c6f67696e5f69647c733a313a2233223b6c6f67696e5f656d61696c7c733a31343a2261646d696e406d61696c2e636f6d223b6c6f67696e5f6e616d657c733a31333a2241646d696e6973747261746f72223b6c6f67696e5f707269767c733a353a2261646d696e223b6c6f67696e5f636865636b7c733a363a22676f40796573223b656e726f6c6c5f69645f6475657c733a313a2232223b5f5f63695f766172737c613a323a7b733a31333a22656e726f6c6c5f69645f647565223b733a333a226e6577223b733a31313a226475655f7061796d656e74223b733a333a226e6577223b7d6475655f7061796d656e747c733a31313a225061796d656e7420447565223b),
('t0kcb1kn8phjil8396cr3ij7qbm3khna', '::1', 1725462580, 0x5f5f63695f6c6173745f726567656e65726174657c693a313732353436323538303b6c6f67696e5f69647c733a313a2233223b6c6f67696e5f656d61696c7c733a31343a2261646d696e406d61696c2e636f6d223b6c6f67696e5f6e616d657c733a31333a2241646d696e6973747261746f72223b6c6f67696e5f707269767c733a353a2261646d696e223b6c6f67696e5f636865636b7c733a363a22676f40796573223b656e726f6c6c5f69645f6475657c733a313a2232223b5f5f63695f766172737c613a323a7b733a31333a22656e726f6c6c5f69645f647565223b733a333a226e6577223b733a31313a226475655f7061796d656e74223b733a333a226e6577223b7d6475655f7061796d656e747c733a31313a225061796d656e7420447565223b),
('v9brbvnb9j7dlcr9kgf1kkim71pvtv4k', '::1', 1725463414, 0x5f5f63695f6c6173745f726567656e65726174657c693a313732353436333431343b6c6f67696e5f69647c733a313a2233223b6c6f67696e5f656d61696c7c733a31343a2261646d696e406d61696c2e636f6d223b6c6f67696e5f6e616d657c733a31333a2241646d696e6973747261746f72223b6c6f67696e5f707269767c733a353a2261646d696e223b6c6f67696e5f636865636b7c733a363a22676f40796573223b656e726f6c6c5f69645f6475657c733a313a2232223b5f5f63695f766172737c613a323a7b733a31333a22656e726f6c6c5f69645f647565223b733a333a226e6577223b733a31313a226475655f7061796d656e74223b733a333a226e6577223b7d6475655f7061796d656e747c733a31313a225061796d656e7420447565223b),
('2r3vpuc58uir9qb38gp0itnoqn3q5n4j', '::1', 1725464205, 0x5f5f63695f6c6173745f726567656e65726174657c693a313732353436343230353b6c6f67696e5f69647c733a313a2233223b6c6f67696e5f656d61696c7c733a31343a2261646d696e406d61696c2e636f6d223b6c6f67696e5f6e616d657c733a31333a2241646d696e6973747261746f72223b6c6f67696e5f707269767c733a353a2261646d696e223b6c6f67696e5f636865636b7c733a363a22676f40796573223b656e726f6c6c5f69645f6475657c733a313a2232223b5f5f63695f766172737c613a323a7b733a31333a22656e726f6c6c5f69645f647565223b733a333a226e6577223b733a31313a226475655f7061796d656e74223b733a333a226e6577223b7d6475655f7061796d656e747c733a31313a225061796d656e7420447565223b),
('8sitm0tkqop7ofqvojfp7p3lgofdgpcb', '::1', 1725464547, 0x5f5f63695f6c6173745f726567656e65726174657c693a313732353436343534373b6c6f67696e5f69647c733a313a2233223b6c6f67696e5f656d61696c7c733a31343a2261646d696e406d61696c2e636f6d223b6c6f67696e5f6e616d657c733a31333a2241646d696e6973747261746f72223b6c6f67696e5f707269767c733a353a2261646d696e223b6c6f67696e5f636865636b7c733a363a22676f40796573223b656e726f6c6c5f69645f6475657c733a313a2232223b5f5f63695f766172737c613a323a7b733a31333a22656e726f6c6c5f69645f647565223b733a333a226e6577223b733a31313a226475655f7061796d656e74223b733a333a226e6577223b7d6475655f7061796d656e747c733a31313a225061796d656e7420447565223b),
('8trkj4u62d8741db54vvngs0l59hlqeg', '::1', 1725465493, 0x5f5f63695f6c6173745f726567656e65726174657c693a313732353436353439333b6c6f67696e5f69647c733a313a2233223b6c6f67696e5f656d61696c7c733a31343a2261646d696e406d61696c2e636f6d223b6c6f67696e5f6e616d657c733a31333a2241646d696e6973747261746f72223b6c6f67696e5f707269767c733a353a2261646d696e223b6c6f67696e5f636865636b7c733a363a22676f40796573223b656e726f6c6c5f69645f6475657c733a313a2232223b5f5f63695f766172737c613a323a7b733a31333a22656e726f6c6c5f69645f647565223b733a333a226e6577223b733a31313a226475655f7061796d656e74223b733a333a226e6577223b7d6475655f7061796d656e747c733a31313a225061796d656e7420447565223b),
('c3t58b6qn94nla6jhbqb43gadms4351m', '::1', 1725465851, 0x5f5f63695f6c6173745f726567656e65726174657c693a313732353436353835313b6c6f67696e5f69647c733a313a2233223b6c6f67696e5f656d61696c7c733a31343a2261646d696e406d61696c2e636f6d223b6c6f67696e5f6e616d657c733a31333a2241646d696e6973747261746f72223b6c6f67696e5f707269767c733a353a2261646d696e223b6c6f67696e5f636865636b7c733a363a22676f40796573223b656e726f6c6c5f69645f6475657c733a313a2232223b5f5f63695f766172737c613a333a7b733a31333a22656e726f6c6c5f69645f647565223b733a333a226e6577223b733a31313a226475655f7061796d656e74223b733a333a226e6577223b733a393a22636f6d706c65746564223b733a333a226f6c64223b7d6475655f7061796d656e747c733a31313a225061796d656e7420447565223b636f6d706c657465647c733a32393a22416374696f6e20436f6d706c65746564205375636365737366756c6c79223b),
('mbmoid9bmfp12dvk3hso6sj98mf353n0', '::1', 1725466286, 0x5f5f63695f6c6173745f726567656e65726174657c693a313732353436363238363b6c6f67696e5f69647c733a313a2233223b6c6f67696e5f656d61696c7c733a31343a2261646d696e406d61696c2e636f6d223b6c6f67696e5f6e616d657c733a31333a2241646d696e6973747261746f72223b6c6f67696e5f707269767c733a353a2261646d696e223b6c6f67696e5f636865636b7c733a363a22676f40796573223b656e726f6c6c5f69645f6475657c733a313a2232223b5f5f63695f766172737c613a323a7b733a31333a22656e726f6c6c5f69645f647565223b733a333a226e6577223b733a31313a226475655f7061796d656e74223b733a333a226e6577223b7d6475655f7061796d656e747c733a31313a225061796d656e7420447565223b),
('no14i9lj0am2toa3fsbuaufuqilr3lpe', '::1', 1725466622, 0x5f5f63695f6c6173745f726567656e65726174657c693a313732353436363632323b6c6f67696e5f69647c733a313a2233223b6c6f67696e5f656d61696c7c733a31343a2261646d696e406d61696c2e636f6d223b6c6f67696e5f6e616d657c733a31333a2241646d696e6973747261746f72223b6c6f67696e5f707269767c733a353a2261646d696e223b6c6f67696e5f636865636b7c733a363a22676f40796573223b656e726f6c6c5f69645f6475657c733a313a2232223b5f5f63695f766172737c613a323a7b733a31333a22656e726f6c6c5f69645f647565223b733a333a226e6577223b733a31313a226475655f7061796d656e74223b733a333a226e6577223b7d6475655f7061796d656e747c733a31313a225061796d656e7420447565223b),
('ke7rh4ssusn7un5hdigojq6k300v4bdf', '::1', 1725467374, 0x5f5f63695f6c6173745f726567656e65726174657c693a313732353436373337343b6c6f67696e5f69647c733a313a2233223b6c6f67696e5f656d61696c7c733a31343a2261646d696e406d61696c2e636f6d223b6c6f67696e5f6e616d657c733a31333a2241646d696e6973747261746f72223b6c6f67696e5f707269767c733a353a2261646d696e223b6c6f67696e5f636865636b7c733a363a22676f40796573223b656e726f6c6c5f69645f6475657c733a313a2232223b5f5f63695f766172737c613a323a7b733a31333a22656e726f6c6c5f69645f647565223b733a333a226e6577223b733a31313a226475655f7061796d656e74223b733a333a226e6577223b7d6475655f7061796d656e747c733a31313a225061796d656e7420447565223b),
('t24rhqkussojdcdfmvjdinoj8bapnuv0', '::1', 1725467744, 0x5f5f63695f6c6173745f726567656e65726174657c693a313732353436373734343b6c6f67696e5f69647c733a313a2233223b6c6f67696e5f656d61696c7c733a31343a2261646d696e406d61696c2e636f6d223b6c6f67696e5f6e616d657c733a31333a2241646d696e6973747261746f72223b6c6f67696e5f707269767c733a353a2261646d696e223b6c6f67696e5f636865636b7c733a363a22676f40796573223b656e726f6c6c5f69645f6475657c733a313a2232223b5f5f63695f766172737c613a323a7b733a31333a22656e726f6c6c5f69645f647565223b733a333a226e6577223b733a31313a226475655f7061796d656e74223b733a333a226e6577223b7d6475655f7061796d656e747c733a31313a225061796d656e7420447565223b),
('34khsm80ees1q8u9ceaok7tqd0fc6nhp', '::1', 1725468074, 0x5f5f63695f6c6173745f726567656e65726174657c693a313732353436383037343b6c6f67696e5f69647c733a313a2233223b6c6f67696e5f656d61696c7c733a31343a2261646d696e406d61696c2e636f6d223b6c6f67696e5f6e616d657c733a31333a2241646d696e6973747261746f72223b6c6f67696e5f707269767c733a353a2261646d696e223b6c6f67696e5f636865636b7c733a363a22676f40796573223b656e726f6c6c5f69645f6475657c733a313a2232223b5f5f63695f766172737c613a323a7b733a31333a22656e726f6c6c5f69645f647565223b733a333a226e6577223b733a31313a226475655f7061796d656e74223b733a333a226e6577223b7d6475655f7061796d656e747c733a31313a225061796d656e7420447565223b),
('l264ocl3nic3k34vuaqkvskos2ltg3ot', '::1', 1725468443, 0x5f5f63695f6c6173745f726567656e65726174657c693a313732353436383434333b6c6f67696e5f69647c733a313a2233223b6c6f67696e5f656d61696c7c733a31343a2261646d696e406d61696c2e636f6d223b6c6f67696e5f6e616d657c733a31333a2241646d696e6973747261746f72223b6c6f67696e5f707269767c733a353a2261646d696e223b6c6f67696e5f636865636b7c733a363a22676f40796573223b656e726f6c6c5f69645f6475657c733a313a2232223b5f5f63695f766172737c613a323a7b733a31333a22656e726f6c6c5f69645f647565223b733a333a226e6577223b733a31313a226475655f7061796d656e74223b733a333a226e6577223b7d6475655f7061796d656e747c733a31313a225061796d656e7420447565223b),
('ko1kgii61anoflv1la8minhnpd1147v7', '::1', 1725468657, 0x5f5f63695f6c6173745f726567656e65726174657c693a313732353436383434333b6c6f67696e5f69647c733a313a2233223b6c6f67696e5f656d61696c7c733a31343a2261646d696e406d61696c2e636f6d223b6c6f67696e5f6e616d657c733a31333a2241646d696e6973747261746f72223b6c6f67696e5f707269767c733a353a2261646d696e223b6c6f67696e5f636865636b7c733a363a22676f40796573223b656e726f6c6c5f69645f6475657c733a313a2232223b5f5f63695f766172737c613a323a7b733a31333a22656e726f6c6c5f69645f647565223b733a333a226e6577223b733a31313a226475655f7061796d656e74223b733a333a226e6577223b7d6475655f7061796d656e747c733a31313a225061796d656e7420447565223b),
('0udeoq31mrepcuo2i1g3s9106t9n82o5', '::1', 1725533563, 0x5f5f63695f6c6173745f726567656e65726174657c693a313732353533333536323b656e726f6c6c5f69645f6475657c733a313a2232223b5f5f63695f766172737c613a323a7b733a31333a22656e726f6c6c5f69645f647565223b733a333a226f6c64223b733a31313a226475655f7061796d656e74223b733a333a226f6c64223b7d6475655f7061796d656e747c733a31313a225061796d656e7420447565223b),
('a71ur90g3kiknrhmeqqpfprf72u7hj9g', '::1', 1725547181, 0x5f5f63695f6c6173745f726567656e65726174657c693a313732353534373138313b6c6f67696e5f69647c733a313a2233223b6c6f67696e5f656d61696c7c733a31343a2261646d696e406d61696c2e636f6d223b6c6f67696e5f6e616d657c733a31333a2241646d696e6973747261746f72223b6c6f67696e5f707269767c733a353a2261646d696e223b6c6f67696e5f636865636b7c733a363a22676f40796573223b656e726f6c6c5f69645f6475657c733a313a2232223b5f5f63695f766172737c613a323a7b733a31333a22656e726f6c6c5f69645f647565223b733a333a226e6577223b733a31313a226475655f7061796d656e74223b733a333a226e6577223b7d6475655f7061796d656e747c733a31313a225061796d656e7420447565223b),
('msrta0570gsbu3t135fis4ua33ff1njo', '::1', 1725547782, 0x5f5f63695f6c6173745f726567656e65726174657c693a313732353534373738323b6c6f67696e5f69647c733a313a2233223b6c6f67696e5f656d61696c7c733a31343a2261646d696e406d61696c2e636f6d223b6c6f67696e5f6e616d657c733a31333a2241646d696e6973747261746f72223b6c6f67696e5f707269767c733a353a2261646d696e223b6c6f67696e5f636865636b7c733a363a22676f40796573223b656e726f6c6c5f69645f6475657c733a313a2232223b5f5f63695f766172737c613a323a7b733a31333a22656e726f6c6c5f69645f647565223b733a333a226e6577223b733a31313a226475655f7061796d656e74223b733a333a226e6577223b7d6475655f7061796d656e747c733a31313a225061796d656e7420447565223b),
('hd5fua8dpfu51bjakisco017a0l2jcci', '::1', 1725548127, 0x5f5f63695f6c6173745f726567656e65726174657c693a313732353534383132373b6c6f67696e5f69647c733a313a2233223b6c6f67696e5f656d61696c7c733a31343a2261646d696e406d61696c2e636f6d223b6c6f67696e5f6e616d657c733a31333a2241646d696e6973747261746f72223b6c6f67696e5f707269767c733a353a2261646d696e223b6c6f67696e5f636865636b7c733a363a22676f40796573223b656e726f6c6c5f69645f6475657c733a313a2232223b5f5f63695f766172737c613a323a7b733a31333a22656e726f6c6c5f69645f647565223b733a333a226e6577223b733a31313a226475655f7061796d656e74223b733a333a226e6577223b7d6475655f7061796d656e747c733a31313a225061796d656e7420447565223b),
('b8c79lmpaotlmsde1tnun8frrkrgj7s2', '::1', 1725549704, 0x5f5f63695f6c6173745f726567656e65726174657c693a313732353534393730343b6c6f67696e5f69647c733a313a2233223b6c6f67696e5f656d61696c7c733a31343a2261646d696e406d61696c2e636f6d223b6c6f67696e5f6e616d657c733a31333a2241646d696e6973747261746f72223b6c6f67696e5f707269767c733a353a2261646d696e223b6c6f67696e5f636865636b7c733a363a22676f40796573223b656e726f6c6c5f69645f6475657c733a313a2232223b5f5f63695f766172737c613a323a7b733a31333a22656e726f6c6c5f69645f647565223b733a333a226e6577223b733a31313a226475655f7061796d656e74223b733a333a226e6577223b7d6475655f7061796d656e747c733a31313a225061796d656e7420447565223b),
('vcurs9ak910tkedvdjmvu7uedg09fr8r', '::1', 1725550314, 0x5f5f63695f6c6173745f726567656e65726174657c693a313732353535303331343b6c6f67696e5f69647c733a313a2233223b6c6f67696e5f656d61696c7c733a31343a2261646d696e406d61696c2e636f6d223b6c6f67696e5f6e616d657c733a31333a2241646d696e6973747261746f72223b6c6f67696e5f707269767c733a353a2261646d696e223b6c6f67696e5f636865636b7c733a363a22676f40796573223b656e726f6c6c5f69645f6475657c733a313a2232223b5f5f63695f766172737c613a323a7b733a31333a22656e726f6c6c5f69645f647565223b733a333a226e6577223b733a31313a226475655f7061796d656e74223b733a333a226e6577223b7d6475655f7061796d656e747c733a31313a225061796d656e7420447565223b),
('kk6thmkbtomuskgp3mib2hdk49o80qni', '::1', 1725550726, 0x5f5f63695f6c6173745f726567656e65726174657c693a313732353535303434353b6c6f67696e5f69647c733a313a2233223b6c6f67696e5f656d61696c7c733a31343a2261646d696e406d61696c2e636f6d223b6c6f67696e5f6e616d657c733a31333a2241646d696e6973747261746f72223b6c6f67696e5f707269767c733a353a2261646d696e223b6c6f67696e5f636865636b7c733a363a22676f40796573223b656e726f6c6c5f69645f6475657c733a313a2232223b5f5f63695f766172737c613a323a7b733a31333a22656e726f6c6c5f69645f647565223b733a333a226e6577223b733a31313a226475655f7061796d656e74223b733a333a226e6577223b7d6475655f7061796d656e747c733a31313a225061796d656e7420447565223b),
('s1s3sv9tb2a6hiu7m1h05q2j0o9pcvem', '::1', 1725550688, 0x5f5f63695f6c6173745f726567656e65726174657c693a313732353535303638383b),
('60ig19f32svu44l6l2q1rvc7sm09at3h', '::1', 1725563112, 0x5f5f63695f6c6173745f726567656e65726174657c693a313732353536323938333b6c6f67696e5f69647c733a313a2233223b6c6f67696e5f656d61696c7c733a31343a2261646d696e406d61696c2e636f6d223b6c6f67696e5f6e616d657c733a31333a2241646d696e6973747261746f72223b6c6f67696e5f707269767c733a353a2261646d696e223b6c6f67696e5f636865636b7c733a363a22676f40796573223b656e726f6c6c5f69645f6475657c733a313a2232223b5f5f63695f766172737c613a323a7b733a31333a22656e726f6c6c5f69645f647565223b733a333a226e6577223b733a31313a226475655f7061796d656e74223b733a333a226e6577223b7d6475655f7061796d656e747c733a31313a225061796d656e7420447565223b),
('guo7pbioappg8bthhn363mdvicj3i2l4', '::1', 1725622446, 0x5f5f63695f6c6173745f726567656e65726174657c693a313732353632323434343b656e726f6c6c5f69645f6475657c733a313a2232223b5f5f63695f766172737c613a323a7b733a31333a22656e726f6c6c5f69645f647565223b733a333a226f6c64223b733a31313a226475655f7061796d656e74223b733a333a226f6c64223b7d6475655f7061796d656e747c733a31313a225061796d656e7420447565223b),
('curbqpeajqn3vu1m5467mdi254svps6o', '::1', 1725636361, 0x5f5f63695f6c6173745f726567656e65726174657c693a313732353633363336313b),
('s8kbsb4sdnj0vgrmumnn08k9vr3u37u7', '::1', 1725636454, 0x5f5f63695f6c6173745f726567656e65726174657c693a313732353633363336313b6c6f67696e5f69647c733a313a2233223b6c6f67696e5f656d61696c7c733a31343a2261646d696e406d61696c2e636f6d223b6c6f67696e5f6e616d657c733a31333a2241646d696e6973747261746f72223b6c6f67696e5f707269767c733a353a2261646d696e223b6c6f67696e5f636865636b7c733a363a22676f40796573223b656e726f6c6c5f69645f6475657c733a313a2232223b5f5f63695f766172737c613a323a7b733a31333a22656e726f6c6c5f69645f647565223b733a333a226e6577223b733a31313a226475655f7061796d656e74223b733a333a226e6577223b7d6475655f7061796d656e747c733a31313a225061796d656e7420447565223b),
('up5i3tunndg7ega5ob7pj09v4p33ustp', '::1', 1725722717, 0x5f5f63695f6c6173745f726567656e65726174657c693a313732353732323731353b656e726f6c6c5f69645f6475657c733a313a2232223b5f5f63695f766172737c613a323a7b733a31333a22656e726f6c6c5f69645f647565223b733a333a226f6c64223b733a31313a226475655f7061796d656e74223b733a333a226f6c64223b7d6475655f7061796d656e747c733a31313a225061796d656e7420447565223b),
('8utjmu2oisdfof5vapdjcs0nf1vtl51k', '::1', 1725766899, 0x5f5f63695f6c6173745f726567656e65726174657c693a313732353736363839393b),
('7bg8t115k784d14m0iqknt68mhho2pmi', '::1', 1725767227, 0x5f5f63695f6c6173745f726567656e65726174657c693a313732353736373232373b),
('m601iier1enh50n27smo2kro83gd3q8s', '::1', 1725768631, 0x5f5f63695f6c6173745f726567656e65726174657c693a313732353736383633313b6c6f67696e5f69647c733a313a2233223b6c6f67696e5f656d61696c7c733a31343a2261646d696e406d61696c2e636f6d223b6c6f67696e5f6e616d657c733a31333a2241646d696e6973747261746f72223b6c6f67696e5f707269767c733a353a2261646d696e223b6c6f67696e5f636865636b7c733a363a22676f40796573223b656e726f6c6c5f69645f6475657c733a313a2232223b5f5f63695f766172737c613a323a7b733a31333a22656e726f6c6c5f69645f647565223b733a333a226e6577223b733a31313a226475655f7061796d656e74223b733a333a226e6577223b7d6475655f7061796d656e747c733a31313a225061796d656e7420447565223b),
('n96c6c7qf16kd7nfvvu6dosou17fqt90', '::1', 1725769034, 0x5f5f63695f6c6173745f726567656e65726174657c693a313732353736393033343b6c6f67696e5f69647c733a313a2233223b6c6f67696e5f656d61696c7c733a31343a2261646d696e406d61696c2e636f6d223b6c6f67696e5f6e616d657c733a31333a2241646d696e6973747261746f72223b6c6f67696e5f707269767c733a353a2261646d696e223b6c6f67696e5f636865636b7c733a363a22676f40796573223b656e726f6c6c5f69645f6475657c733a313a2232223b5f5f63695f766172737c613a323a7b733a31333a22656e726f6c6c5f69645f647565223b733a333a226e6577223b733a31313a226475655f7061796d656e74223b733a333a226e6577223b7d6475655f7061796d656e747c733a31313a225061796d656e7420447565223b),
('qshid95v7k8or14qghsfl7a9o85ntfac', '::1', 1725769309, 0x5f5f63695f6c6173745f726567656e65726174657c693a313732353736393033343b6c6f67696e5f69647c733a313a2233223b6c6f67696e5f656d61696c7c733a31343a2261646d696e406d61696c2e636f6d223b6c6f67696e5f6e616d657c733a31333a2241646d696e6973747261746f72223b6c6f67696e5f707269767c733a353a2261646d696e223b6c6f67696e5f636865636b7c733a363a22676f40796573223b656e726f6c6c5f69645f6475657c733a313a2232223b5f5f63695f766172737c613a323a7b733a31333a22656e726f6c6c5f69645f647565223b733a333a226e6577223b733a31313a226475655f7061796d656e74223b733a333a226e6577223b7d6475655f7061796d656e747c733a31313a225061796d656e7420447565223b),
('4f42rsr33j5s820liinlqhbsum1smlfr', '::1', 1725874202, 0x5f5f63695f6c6173745f726567656e65726174657c693a313732353837343230323b),
('kbhsjrqmjvnrkg19chkrcmnf64rg34hs', '::1', 1725883564, 0x5f5f63695f6c6173745f726567656e65726174657c693a313732353838333536343b6c6f67696e5f69647c733a313a2233223b6c6f67696e5f656d61696c7c733a31343a2261646d696e406d61696c2e636f6d223b6c6f67696e5f6e616d657c733a31333a2241646d696e6973747261746f72223b6c6f67696e5f707269767c733a353a2261646d696e223b6c6f67696e5f636865636b7c733a363a22676f40796573223b656e726f6c6c5f69645f6475657c733a313a2232223b5f5f63695f766172737c613a323a7b733a31333a22656e726f6c6c5f69645f647565223b733a333a226e6577223b733a31313a226475655f7061796d656e74223b733a333a226e6577223b7d6475655f7061796d656e747c733a31313a225061796d656e7420447565223b),
('gtcmffi4c04j8s8h3e05fd07jvoc6h6n', '::1', 1725884377, 0x5f5f63695f6c6173745f726567656e65726174657c693a313732353838343337373b6c6f67696e5f69647c733a313a2233223b6c6f67696e5f656d61696c7c733a31343a2261646d696e406d61696c2e636f6d223b6c6f67696e5f6e616d657c733a31333a2241646d696e6973747261746f72223b6c6f67696e5f707269767c733a353a2261646d696e223b6c6f67696e5f636865636b7c733a363a22676f40796573223b),
('ufvf1bh2fok6gbegtc9cadmsuk9g8a9d', '::1', 1725885215, 0x5f5f63695f6c6173745f726567656e65726174657c693a313732353838353231353b6c6f67696e5f69647c733a313a2233223b6c6f67696e5f656d61696c7c733a31343a2261646d696e406d61696c2e636f6d223b6c6f67696e5f6e616d657c733a31333a2241646d696e6973747261746f72223b6c6f67696e5f707269767c733a353a2261646d696e223b6c6f67696e5f636865636b7c733a363a22676f40796573223b656e726f6c6c5f69645f6475657c733a313a2232223b5f5f63695f766172737c613a323a7b733a31333a22656e726f6c6c5f69645f647565223b733a333a226f6c64223b733a31313a226475655f7061796d656e74223b733a333a226f6c64223b7d6475655f7061796d656e747c733a31313a225061796d656e7420447565223b),
('ul92eveu3vtuadlas8kgpl5cf4gcdjgm', '::1', 1725885911, 0x5f5f63695f6c6173745f726567656e65726174657c693a313732353838353931313b6c6f67696e5f69647c733a313a2233223b6c6f67696e5f656d61696c7c733a31343a2261646d696e406d61696c2e636f6d223b6c6f67696e5f6e616d657c733a31333a2241646d696e6973747261746f72223b6c6f67696e5f707269767c733a353a2261646d696e223b6c6f67696e5f636865636b7c733a363a22676f40796573223b),
('c05jvj3f9r3lbeu74j9t67b84s0e2bio', '::1', 1725886232, 0x5f5f63695f6c6173745f726567656e65726174657c693a313732353838363233323b6c6f67696e5f69647c733a313a2233223b6c6f67696e5f656d61696c7c733a31343a2261646d696e406d61696c2e636f6d223b6c6f67696e5f6e616d657c733a31333a2241646d696e6973747261746f72223b6c6f67696e5f707269767c733a353a2261646d696e223b6c6f67696e5f636865636b7c733a363a22676f40796573223b),
('7ughlhn7j0n15g3n0ec4st1f3m1u6i3i', '::1', 1725886918, 0x5f5f63695f6c6173745f726567656e65726174657c693a313732353838363931383b6c6f67696e5f69647c733a313a2233223b6c6f67696e5f656d61696c7c733a31343a2261646d696e406d61696c2e636f6d223b6c6f67696e5f6e616d657c733a31333a2241646d696e6973747261746f72223b6c6f67696e5f707269767c733a353a2261646d696e223b6c6f67696e5f636865636b7c733a363a22676f40796573223b656e726f6c6c5f69645f6475657c733a313a2232223b5f5f63695f766172737c613a323a7b733a31333a22656e726f6c6c5f69645f647565223b733a333a226e6577223b733a31313a226475655f7061796d656e74223b733a333a226e6577223b7d6475655f7061796d656e747c733a31313a225061796d656e7420447565223b),
('b6rqm0s4nesdmelu7voa1r512bm5palg', '::1', 1725887251, 0x5f5f63695f6c6173745f726567656e65726174657c693a313732353838373235313b6c6f67696e5f69647c733a313a2233223b6c6f67696e5f656d61696c7c733a31343a2261646d696e406d61696c2e636f6d223b6c6f67696e5f6e616d657c733a31333a2241646d696e6973747261746f72223b6c6f67696e5f707269767c733a353a2261646d696e223b6c6f67696e5f636865636b7c733a363a22676f40796573223b),
('a332j5f81jc4t88ampelfog0soi95nru', '::1', 1725889251, 0x5f5f63695f6c6173745f726567656e65726174657c693a313732353838393235313b6c6f67696e5f69647c733a313a2233223b6c6f67696e5f656d61696c7c733a31343a2261646d696e406d61696c2e636f6d223b6c6f67696e5f6e616d657c733a31333a2241646d696e6973747261746f72223b6c6f67696e5f707269767c733a353a2261646d696e223b6c6f67696e5f636865636b7c733a363a22676f40796573223b656e726f6c6c5f69645f6475657c733a313a2232223b5f5f63695f766172737c613a323a7b733a31333a22656e726f6c6c5f69645f647565223b733a333a226f6c64223b733a31313a226475655f7061796d656e74223b733a333a226f6c64223b7d6475655f7061796d656e747c733a31313a225061796d656e7420447565223b),
('sippguiehv7jk2oehhdk997p490ecqe5', '::1', 1725890208, 0x5f5f63695f6c6173745f726567656e65726174657c693a313732353839303230383b6c6f67696e5f69647c733a313a2233223b6c6f67696e5f656d61696c7c733a31343a2261646d696e406d61696c2e636f6d223b6c6f67696e5f6e616d657c733a31333a2241646d696e6973747261746f72223b6c6f67696e5f707269767c733a353a2261646d696e223b6c6f67696e5f636865636b7c733a363a22676f40796573223b),
('5lvbifk46u0bqugka59ujdsv26lm1b89', '::1', 1725896616, 0x5f5f63695f6c6173745f726567656e65726174657c693a313732353839363631363b6c6f67696e5f69647c733a313a2233223b6c6f67696e5f656d61696c7c733a31343a2261646d696e406d61696c2e636f6d223b6c6f67696e5f6e616d657c733a31333a2241646d696e6973747261746f72223b6c6f67696e5f707269767c733a353a2261646d696e223b6c6f67696e5f636865636b7c733a363a22676f40796573223b),
('qdpkn66kml16a5b7ar4lcg791cibt1c6', '::1', 1725897774, 0x5f5f63695f6c6173745f726567656e65726174657c693a313732353839373737343b6c6f67696e5f69647c733a313a2233223b6c6f67696e5f656d61696c7c733a31343a2261646d696e406d61696c2e636f6d223b6c6f67696e5f6e616d657c733a31333a2241646d696e6973747261746f72223b6c6f67696e5f707269767c733a353a2261646d696e223b6c6f67696e5f636865636b7c733a363a22676f40796573223b656e726f6c6c5f69645f6475657c733a313a2232223b5f5f63695f766172737c613a323a7b733a31333a22656e726f6c6c5f69645f647565223b733a333a226e6577223b733a31313a226475655f7061796d656e74223b733a333a226e6577223b7d6475655f7061796d656e747c733a31313a225061796d656e7420447565223b),
('ghqtg9f9tfsbv0pvbfk6t56fe9rq47k7', '::1', 1725898447, 0x5f5f63695f6c6173745f726567656e65726174657c693a313732353839383434373b6c6f67696e5f69647c733a313a2233223b6c6f67696e5f656d61696c7c733a31343a2261646d696e406d61696c2e636f6d223b6c6f67696e5f6e616d657c733a31333a2241646d696e6973747261746f72223b6c6f67696e5f707269767c733a353a2261646d696e223b6c6f67696e5f636865636b7c733a363a22676f40796573223b656e726f6c6c5f69645f6475657c733a313a2232223b5f5f63695f766172737c613a323a7b733a31333a22656e726f6c6c5f69645f647565223b733a333a226e6577223b733a31313a226475655f7061796d656e74223b733a333a226e6577223b7d6475655f7061796d656e747c733a31313a225061796d656e7420447565223b),
('k0n6l1e8vsodfqkds6klndlqlukn4ibu', '::1', 1725898860, 0x5f5f63695f6c6173745f726567656e65726174657c693a313732353839383836303b6c6f67696e5f69647c733a313a2233223b6c6f67696e5f656d61696c7c733a31343a2261646d696e406d61696c2e636f6d223b6c6f67696e5f6e616d657c733a31333a2241646d696e6973747261746f72223b6c6f67696e5f707269767c733a353a2261646d696e223b6c6f67696e5f636865636b7c733a363a22676f40796573223b656e726f6c6c5f69645f6475657c733a313a2232223b5f5f63695f766172737c613a323a7b733a31333a22656e726f6c6c5f69645f647565223b733a333a226f6c64223b733a31313a226475655f7061796d656e74223b733a333a226f6c64223b7d6475655f7061796d656e747c733a31313a225061796d656e7420447565223b),
('1r5nu7v0adetb5gi3bh98a7r0kna6l8o', '::1', 1725899861, 0x5f5f63695f6c6173745f726567656e65726174657c693a313732353839393836313b6c6f67696e5f69647c733a313a2233223b6c6f67696e5f656d61696c7c733a31343a2261646d696e406d61696c2e636f6d223b6c6f67696e5f6e616d657c733a31333a2241646d696e6973747261746f72223b6c6f67696e5f707269767c733a353a2261646d696e223b6c6f67696e5f636865636b7c733a363a22676f40796573223b656e726f6c6c5f69645f6475657c733a313a2232223b5f5f63695f766172737c613a323a7b733a31333a22656e726f6c6c5f69645f647565223b733a333a226f6c64223b733a31313a226475655f7061796d656e74223b733a333a226f6c64223b7d6475655f7061796d656e747c733a31313a225061796d656e7420447565223b),
('6palujrdf6tm1fih5i5h60qdhp1rvlnp', '::1', 1725900060, 0x5f5f63695f6c6173745f726567656e65726174657c693a313732353839393836323b6c6f67696e5f69647c733a313a2233223b6c6f67696e5f656d61696c7c733a31343a2261646d696e406d61696c2e636f6d223b6c6f67696e5f6e616d657c733a31333a2241646d696e6973747261746f72223b6c6f67696e5f707269767c733a353a2261646d696e223b6c6f67696e5f636865636b7c733a363a22676f40796573223b656e726f6c6c5f69645f6475657c733a313a2232223b5f5f63695f766172737c613a323a7b733a31333a22656e726f6c6c5f69645f647565223b733a333a226e6577223b733a31313a226475655f7061796d656e74223b733a333a226e6577223b7d6475655f7061796d656e747c733a31313a225061796d656e7420447565223b),
('v0o8k9fniuea3e48gtuue2bfi5lv6bh9', '::1', 1725955467, 0x5f5f63695f6c6173745f726567656e65726174657c693a313732353935353436373b656e726f6c6c5f69645f6475657c733a313a2232223b5f5f63695f766172737c613a323a7b733a31333a22656e726f6c6c5f69645f647565223b733a333a226e6577223b733a31313a226475655f7061796d656e74223b733a333a226e6577223b7d6475655f7061796d656e747c733a31313a225061796d656e7420447565223b),
('g0t40emb7j02ssila3g365aqodn52e55', '::1', 1725959434, 0x5f5f63695f6c6173745f726567656e65726174657c693a313732353935393433343b6c6f67696e5f69647c733a313a2233223b6c6f67696e5f656d61696c7c733a31343a2261646d696e406d61696c2e636f6d223b6c6f67696e5f6e616d657c733a31333a2241646d696e6973747261746f72223b6c6f67696e5f707269767c733a353a2261646d696e223b6c6f67696e5f636865636b7c733a363a22676f40796573223b656e726f6c6c5f69645f6475657c733a313a2232223b5f5f63695f766172737c613a323a7b733a31333a22656e726f6c6c5f69645f647565223b733a333a226e6577223b733a31313a226475655f7061796d656e74223b733a333a226e6577223b7d6475655f7061796d656e747c733a31313a225061796d656e7420447565223b),
('uf4kktiicer65a6u1eck5coao9a9rgf3', '::1', 1725959897, 0x5f5f63695f6c6173745f726567656e65726174657c693a313732353935393839373b6c6f67696e5f69647c733a313a2233223b6c6f67696e5f656d61696c7c733a31343a2261646d696e406d61696c2e636f6d223b6c6f67696e5f6e616d657c733a31333a2241646d696e6973747261746f72223b6c6f67696e5f707269767c733a353a2261646d696e223b6c6f67696e5f636865636b7c733a363a22676f40796573223b656e726f6c6c5f69645f6475657c733a313a2232223b5f5f63695f766172737c613a323a7b733a31333a22656e726f6c6c5f69645f647565223b733a333a226e6577223b733a31313a226475655f7061796d656e74223b733a333a226e6577223b7d6475655f7061796d656e747c733a31313a225061796d656e7420447565223b),
('ud3lvc9edrhrva5g0tg95ahg5grbplje', '::1', 1725960221, 0x5f5f63695f6c6173745f726567656e65726174657c693a313732353936303232313b6c6f67696e5f69647c733a313a2233223b6c6f67696e5f656d61696c7c733a31343a2261646d696e406d61696c2e636f6d223b6c6f67696e5f6e616d657c733a31333a2241646d696e6973747261746f72223b6c6f67696e5f707269767c733a353a2261646d696e223b6c6f67696e5f636865636b7c733a363a22676f40796573223b),
('d3nbnp2n8g1uon2vc5jat7fl8k64ud9u', '::1', 1725960639, 0x5f5f63695f6c6173745f726567656e65726174657c693a313732353936303633393b6c6f67696e5f69647c733a313a2233223b6c6f67696e5f656d61696c7c733a31343a2261646d696e406d61696c2e636f6d223b6c6f67696e5f6e616d657c733a31333a2241646d696e6973747261746f72223b6c6f67696e5f707269767c733a353a2261646d696e223b6c6f67696e5f636865636b7c733a363a22676f40796573223b656e726f6c6c5f69645f6475657c733a313a2232223b5f5f63695f766172737c613a323a7b733a31333a22656e726f6c6c5f69645f647565223b733a333a226e6577223b733a31313a226475655f7061796d656e74223b733a333a226e6577223b7d6475655f7061796d656e747c733a31313a225061796d656e7420447565223b),
('ucolb4b838h8io26c2d8b0252bglb3rr', '::1', 1725960958, 0x5f5f63695f6c6173745f726567656e65726174657c693a313732353936303935383b6c6f67696e5f69647c733a313a2233223b6c6f67696e5f656d61696c7c733a31343a2261646d696e406d61696c2e636f6d223b6c6f67696e5f6e616d657c733a31333a2241646d696e6973747261746f72223b6c6f67696e5f707269767c733a353a2261646d696e223b6c6f67696e5f636865636b7c733a363a22676f40796573223b656e726f6c6c5f69645f6475657c733a313a2232223b5f5f63695f766172737c613a323a7b733a31333a22656e726f6c6c5f69645f647565223b733a333a226e6577223b733a31313a226475655f7061796d656e74223b733a333a226e6577223b7d6475655f7061796d656e747c733a31313a225061796d656e7420447565223b),
('a64etcbooq42j3sklntdvel98cqr8nou', '::1', 1725961163, 0x5f5f63695f6c6173745f726567656e65726174657c693a313732353936303935383b6c6f67696e5f69647c733a313a2233223b6c6f67696e5f656d61696c7c733a31343a2261646d696e406d61696c2e636f6d223b6c6f67696e5f6e616d657c733a31333a2241646d696e6973747261746f72223b6c6f67696e5f707269767c733a353a2261646d696e223b6c6f67696e5f636865636b7c733a363a22676f40796573223b656e726f6c6c5f69645f6475657c733a313a2232223b5f5f63695f766172737c613a323a7b733a31333a22656e726f6c6c5f69645f647565223b733a333a226e6577223b733a31313a226475655f7061796d656e74223b733a333a226e6577223b7d6475655f7061796d656e747c733a31313a225061796d656e7420447565223b);

-- --------------------------------------------------------

--
-- Table structure for table `class_tbl`
--

CREATE TABLE `class_tbl` (
  `ID` int(11) NOT NULL,
  `NAME` varchar(100) NOT NULL,
  `FEES` int(11) NOT NULL,
  `SESSION` varchar(100) NOT NULL,
  `CREATION_DATE` timestamp NOT NULL DEFAULT current_timestamp()
) ENGINE=InnoDB DEFAULT CHARSET=latin1 COLLATE=latin1_swedish_ci;

--
-- Dumping data for table `class_tbl`
--

INSERT INTO `class_tbl` (`ID`, `NAME`, `FEES`, `SESSION`, `CREATION_DATE`) VALUES
(1, 'Computer Science (Regular)', 2500, '2023-2024', '2024-08-08 01:29:52'),
(2, 'Fashion (Regular)', 2500, '2023-2024', '2024-08-08 01:29:52'),
(3, 'Statistics Computer Science (Regular)', 3000, '2023-2024', '2024-08-08 01:29:52');

-- --------------------------------------------------------

--
-- Table structure for table `payment_tbl`
--

CREATE TABLE `payment_tbl` (
  `ID` int(11) NOT NULL,
  `STUDENT` int(11) NOT NULL,
  `TOTAL_AMOUNT` int(11) NOT NULL,
  `AMOUNT_PAID` int(11) NOT NULL,
  `AMOUNT_PENDING` int(11) NOT NULL,
  `SESSION` varchar(100) NOT NULL
) ENGINE=InnoDB DEFAULT CHARSET=latin1 COLLATE=latin1_swedish_ci;

--
-- Dumping data for table `payment_tbl`
--

INSERT INTO `payment_tbl` (`ID`, `STUDENT`, `TOTAL_AMOUNT`, `AMOUNT_PAID`, `AMOUNT_PENDING`, `SESSION`) VALUES
(1, 1, 2500, 2000, 500, '2023-2024'),
(2, 2, 2500, 1250, 1250, '2023-2024'),
(3, 3, 2500, 0, 2500, '2023-2024'),
(4, 4, 2500, 0, 2500, '2023-2024');

-- --------------------------------------------------------

--
-- Table structure for table `settings_tbl`
--

CREATE TABLE `settings_tbl` (
  `ID` int(11) NOT NULL,
  `NAME` varchar(100) NOT NULL,
  `ADDRESS` varchar(200) NOT NULL,
  `PHONE` varchar(100) NOT NULL,
  `SESSION` varchar(100) NOT NULL,
  `BANK` varchar(200) NOT NULL,
  `ACC_NAME` varchar(150) NOT NULL,
  `ACC_NUMBER` varchar(100) NOT NULL,
  `CREATION_DATE` timestamp NOT NULL DEFAULT current_timestamp()
) ENGINE=InnoDB DEFAULT CHARSET=latin1 COLLATE=latin1_swedish_ci;

--
-- Dumping data for table `settings_tbl`
--

INSERT INTO `settings_tbl` (`ID`, `NAME`, `ADDRESS`, `PHONE`, `SESSION`, `BANK`, `ACC_NAME`, `ACC_NUMBER`, `CREATION_DATE`) VALUES
(1, 'Accra Technical University', 'Tudu, Accra', '+233123456789', '2023-2024', 'Fidelity Bank', 'Accra Technical University', '123456789874', '2024-08-25 17:04:27');

-- --------------------------------------------------------

--
-- Table structure for table `student`
--

CREATE TABLE `student` (
  `ID` int(11) NOT NULL,
  `PARENT` int(11) NOT NULL,
  `NAME` varchar(200) NOT NULL,
  `CLASS` int(11) NOT NULL,
  `SESSION` varchar(100) NOT NULL,
  `CREATION_DATE` timestamp NOT NULL DEFAULT current_timestamp(),
  `EMAIL` varchar(255) DEFAULT NULL,
  `PHONE` varchar(20) DEFAULT NULL
) ENGINE=InnoDB DEFAULT CHARSET=latin1 COLLATE=latin1_swedish_ci;

--
-- Dumping data for table `student`
--

INSERT INTO `student` (`ID`, `PARENT`, `NAME`, `CLASS`, `SESSION`, `CREATION_DATE`, `EMAIL`, `PHONE`) VALUES
(1, 0, 'Daniel Doe', 1, '2023-2024', '2022-09-27 01:39:11', 'palacelogistics.ae@gmail.com\n', '1234567890'),
(2, 0, 'Jane Doe', 2, '2023-2024', '2022-09-27 01:40:50', 'jdoe@gmail.com', '12345678');

-- --------------------------------------------------------

--
-- Table structure for table `term_tbl`
--

CREATE TABLE `term_tbl` (
  `ID` int(11) NOT NULL,
  `CLASS_ID` int(11) NOT NULL,
  `NAME` varchar(100) NOT NULL,
  `FEES` int(11) NOT NULL,
  `SESSION` varchar(100) NOT NULL,
  `CREATION_DATE` timestamp NOT NULL DEFAULT current_timestamp()
) ENGINE=InnoDB DEFAULT CHARSET=latin1 COLLATE=latin1_swedish_ci;

--
-- Dumping data for table `term_tbl`
--

INSERT INTO `term_tbl` (`ID`, `CLASS_ID`, `NAME`, `FEES`, `SESSION`, `CREATION_DATE`) VALUES
(1, 1, 'First Semester', 1250, '2023-2024', '2024-08-06 01:30:56'),
(2, 1, 'Second Semester', 1250, '2023-2024', '2024-08-06 01:30:56'),
(3, 2, 'First Semester', 1250, '2023-2024', '2024-08-06 01:30:56'),
(4, 2, 'Second Semester', 1250, '2023-2024', '2024-08-06 01:30:56'),
(5, 3, 'First Semester', 1500, '2023-2024', '2024-08-06 01:30:56'),
(6, 3, 'Second Semester', 1500, '2023-2024', '2024-08-06 01:30:56');

-- --------------------------------------------------------

--
-- Table structure for table `users_tbl`
--

CREATE TABLE `users_tbl` (
  `ID` int(11) NOT NULL,
  `NAME` varchar(200) NOT NULL,
  `EMAIL` varchar(100) NOT NULL,
  `PASSWORD` varchar(200) NOT NULL,
  `PRIV` varchar(100) NOT NULL,
  `CREATION_DATE` timestamp NOT NULL DEFAULT current_timestamp()
) ENGINE=InnoDB DEFAULT CHARSET=latin1 COLLATE=latin1_swedish_ci;

--
-- Dumping data for table `users_tbl`
--

INSERT INTO `users_tbl` (`ID`, `NAME`, `EMAIL`, `PASSWORD`, `PRIV`, `CREATION_DATE`) VALUES
(3, 'Administrator', 'admin@mail.com', '0192023a7bbd73250516f069df18b500', 'admin', '2024-08-06 01:30:56');

--
-- Indexes for dumped tables
--

--
-- Indexes for table `all_payments_tbl`
--
ALTER TABLE `all_payments_tbl`
  ADD PRIMARY KEY (`ID`);

--
-- Indexes for table `class_tbl`
--
ALTER TABLE `class_tbl`
  ADD PRIMARY KEY (`ID`);

--
-- Indexes for table `payment_tbl`
--
ALTER TABLE `payment_tbl`
  ADD PRIMARY KEY (`ID`);

--
-- Indexes for table `settings_tbl`
--
ALTER TABLE `settings_tbl`
  ADD PRIMARY KEY (`ID`);

--
-- Indexes for table `student`
--
ALTER TABLE `student`
  ADD PRIMARY KEY (`ID`);

--
-- Indexes for table `term_tbl`
--
ALTER TABLE `term_tbl`
  ADD PRIMARY KEY (`ID`);

--
-- Indexes for table `users_tbl`
--
ALTER TABLE `users_tbl`
  ADD PRIMARY KEY (`ID`);

--
-- AUTO_INCREMENT for dumped tables
--

--
-- AUTO_INCREMENT for table `all_payments_tbl`
--
ALTER TABLE `all_payments_tbl`
  MODIFY `ID` int(11) NOT NULL AUTO_INCREMENT, AUTO_INCREMENT=4;

--
-- AUTO_INCREMENT for table `class_tbl`
--
ALTER TABLE `class_tbl`
  MODIFY `ID` int(11) NOT NULL AUTO_INCREMENT, AUTO_INCREMENT=5;

--
-- AUTO_INCREMENT for table `payment_tbl`
--
ALTER TABLE `payment_tbl`
  MODIFY `ID` int(11) NOT NULL AUTO_INCREMENT, AUTO_INCREMENT=5;

--
-- AUTO_INCREMENT for table `settings_tbl`
--
ALTER TABLE `settings_tbl`
  MODIFY `ID` int(11) NOT NULL AUTO_INCREMENT, AUTO_INCREMENT=2;

--
-- AUTO_INCREMENT for table `student`
--
ALTER TABLE `student`
  MODIFY `ID` int(11) NOT NULL AUTO_INCREMENT, AUTO_INCREMENT=5;

--
-- AUTO_INCREMENT for table `term_tbl`
--
ALTER TABLE `term_tbl`
  MODIFY `ID` int(11) NOT NULL AUTO_INCREMENT, AUTO_INCREMENT=8;

--
-- AUTO_INCREMENT for table `users_tbl`
--
ALTER TABLE `users_tbl`
  MODIFY `ID` int(11) NOT NULL AUTO_INCREMENT, AUTO_INCREMENT=6;
COMMIT;

/*!40101 SET CHARACTER_SET_CLIENT=@OLD_CHARACTER_SET_CLIENT */;
/*!40101 SET CHARACTER_SET_RESULTS=@OLD_CHARACTER_SET_RESULTS */;
/*!40101 SET COLLATION_CONNECTION=@OLD_COLLATION_CONNECTION */;
